"Internal Sample Size","External Sample Size","Coefficient Name","Method","True Value","Avg Estimate","Empirical Standard Error","Empirical Relative Efficiency","Analytical Standard Error","Analytical Relative Efficiency","rMSE","Coverage (95% Nominal)"
25,25,"Intercept","P-WCLS-Pooled",-5,-5.051,0.869,1,0.781,1,0.871,0.925
25,25,"Intercept","P-WCLS-Pooled-OBS",-5,-5.053,0.842,1.033,0.718,1.087,0.843,0.932
25,25,"Intercept","P-WCLS-Internal",-5,-4.992,0.659,1.319,0.621,1.257,0.659,0.93
25,25,"Intercept","WCLS-Pooled",-5,-1.922,1.025,0.848,0.946,0.825,3.244,0.108
25,25,"Intercept","WCLS-Internal",-5,-4.886,1.017,0.855,0.806,0.969,1.023,0.87
25,25,"Linear","P-WCLS-Pooled",-1,-1.032,1.106,1,1.098,1,1.106,0.95
25,25,"Linear","P-WCLS-Pooled-OBS",-1,-1.035,1.103,1.002,1.015,1.082,1.104,0.932
25,25,"Linear","P-WCLS-Internal",-1,-1.032,1.221,0.906,1.06,1.036,1.222,0.915
25,25,"Linear","WCLS-Pooled",-1,-1.055,2.026,0.546,1.485,0.74,2.027,0.897
25,25,"Linear","WCLS-Internal",-1,-1.117,1.591,0.695,1.254,0.876,1.595,0.858
25,25,"Quadratic","P-WCLS-Pooled",0.9,0.923,0.27,1,0.234,1,0.271,0.92
25,25,"Quadratic","P-WCLS-Pooled-OBS",0.9,0.922,0.269,1.003,0.224,1.044,0.27,0.917
25,25,"Quadratic","P-WCLS-Internal",0.9,0.901,0.374,0.721,0.278,0.839,0.374,0.873
25,25,"Quadratic","WCLS-Pooled",0.9,0.424,0.916,0.295,0.792,0.295,1.032,0.865
25,25,"Quadratic","WCLS-Internal",0.9,0.802,0.91,0.297,0.668,0.35,0.915,0.835
25,25,"Cubic","P-WCLS-Pooled",0.3,0.311,0.096,1,0.087,1,0.097,0.93
25,25,"Cubic","P-WCLS-Pooled-OBS",0.3,0.311,0.099,0.979,0.083,1.038,0.099,0.925
25,25,"Cubic","P-WCLS-Internal",0.3,0.304,0.137,0.704,0.099,0.871,0.137,0.88
25,25,"Cubic","WCLS-Pooled",0.3,0.156,0.639,0.151,0.472,0.183,0.655,0.83
25,25,"Cubic","WCLS-Internal",0.3,0.332,0.52,0.185,0.378,0.229,0.521,0.82
25,100,"Intercept","P-WCLS-Pooled",-5,-5.058,1.002,1,0.832,1,1.003,0.96
25,100,"Intercept","P-WCLS-Pooled-OBS",-5,-5.058,0.945,1.059,0.773,1.076,0.947,0.948
25,100,"Intercept","P-WCLS-Internal",-5,-4.97,0.8,1.252,0.655,1.269,0.801,0.945
25,100,"Intercept","WCLS-Pooled",-5,-0.272,0.825,1.214,0.752,1.106,4.799,0.007
25,100,"Intercept","WCLS-Internal",-5,-4.872,0.951,1.053,0.789,1.055,0.96,0.89
25,100,"Linear","P-WCLS-Pooled",-1,-1.044,0.848,1,0.81,1,0.849,0.925
25,100,"Linear","P-WCLS-Pooled-OBS",-1,-1.039,0.78,1.088,0.734,1.103,0.78,0.927
25,100,"Linear","P-WCLS-Internal",-1,-1.026,1.22,0.695,1.038,0.78,1.22,0.917
25,100,"Linear","WCLS-Pooled",-1,-0.897,1.674,0.506,1.323,0.612,1.677,0.9
25,100,"Linear","WCLS-Internal",-1,-0.864,1.652,0.513,1.215,0.667,1.657,0.86
25,100,"Quadratic","P-WCLS-Pooled",0.9,0.914,0.221,1,0.188,1,0.222,0.93
25,100,"Quadratic","P-WCLS-Pooled-OBS",0.9,0.913,0.213,1.042,0.18,1.044,0.213,0.93
25,100,"Quadratic","P-WCLS-Internal",0.9,0.888,0.414,0.534,0.278,0.675,0.414,0.897
25,100,"Quadratic","WCLS-Pooled",0.9,0.245,0.749,0.296,0.666,0.282,0.995,0.767
25,100,"Quadratic","WCLS-Internal",0.9,0.797,0.829,0.267,0.653,0.288,0.835,0.853
25,100,"Cubic","P-WCLS-Pooled",0.3,0.305,0.08,1,0.071,1,0.081,0.932
25,100,"Cubic","P-WCLS-Pooled-OBS",0.3,0.305,0.078,1.034,0.069,1.035,0.078,0.935
25,100,"Cubic","P-WCLS-Internal",0.3,0.297,0.14,0.576,0.098,0.729,0.14,0.905
25,100,"Cubic","WCLS-Pooled",0.3,0.017,0.525,0.153,0.429,0.166,0.597,0.833
25,100,"Cubic","WCLS-Internal",0.3,0.261,0.541,0.149,0.369,0.193,0.542,0.815
25,400,"Intercept","P-WCLS-Pooled",-5,-5.037,0.639,1,0.62,1,0.64,0.948
25,400,"Intercept","P-WCLS-Pooled-OBS",-5,-5.024,0.633,1.01,0.589,1.053,0.633,0.953
25,400,"Intercept","P-WCLS-Internal",-5,-5.035,0.708,0.902,0.631,0.983,0.709,0.92
25,400,"Intercept","WCLS-Pooled",-5,0.627,0.482,1.325,0.451,1.376,5.648,0
25,400,"Intercept","WCLS-Internal",-5,-4.892,1.009,0.633,0.796,0.779,1.015,0.885
25,400,"Linear","P-WCLS-Pooled",-1,-1.032,0.479,1,0.492,1,0.48,0.955
25,400,"Linear","P-WCLS-Pooled-OBS",-1,-1.016,0.444,1.078,0.451,1.093,0.445,0.958
25,400,"Linear","P-WCLS-Internal",-1,-0.952,1.222,0.392,1.055,0.467,1.223,0.94
25,400,"Linear","WCLS-Pooled",-1,-1.004,0.966,0.496,0.85,0.579,0.966,0.917
25,400,"Linear","WCLS-Internal",-1,-0.999,1.602,0.299,1.222,0.403,1.602,0.858
25,400,"Quadratic","P-WCLS-Pooled",0.9,0.909,0.146,1,0.135,1,0.146,0.938
25,400,"Quadratic","P-WCLS-Pooled-OBS",0.9,0.907,0.146,1.002,0.132,1.027,0.146,0.925
25,400,"Quadratic","P-WCLS-Internal",0.9,0.862,0.315,0.463,0.273,0.496,0.318,0.877
25,400,"Quadratic","WCLS-Pooled",0.9,0.075,0.428,0.341,0.407,0.332,0.929,0.462
25,400,"Quadratic","WCLS-Internal",0.9,0.738,0.853,0.171,0.665,0.203,0.868,0.86
25,400,"Cubic","P-WCLS-Pooled",0.3,0.302,0.057,1,0.055,1,0.057,0.922
25,400,"Cubic","P-WCLS-Pooled-OBS",0.3,0.301,0.057,1.002,0.054,1.018,0.057,0.925
25,400,"Cubic","P-WCLS-Internal",0.3,0.287,0.112,0.505,0.096,0.574,0.113,0.892
25,400,"Cubic","WCLS-Pooled",0.3,0.012,0.293,0.194,0.273,0.202,0.411,0.782
25,400,"Cubic","WCLS-Internal",0.3,0.31,0.543,0.105,0.377,0.146,0.543,0.83
25,1600,"Intercept","P-WCLS-Pooled",-5,-5.017,0.419,1,0.404,1,0.42,0.965
25,1600,"Intercept","P-WCLS-Pooled-OBS",-5,-5.018,0.398,1.053,0.387,1.044,0.399,0.953
25,1600,"Intercept","P-WCLS-Internal",-5,-5.001,0.69,0.608,0.623,0.65,0.69,0.943
25,1600,"Intercept","WCLS-Pooled",-5,0.868,0.25,1.677,0.248,1.634,5.873,0
25,1600,"Intercept","WCLS-Internal",-5,-4.942,0.905,0.463,0.793,0.51,0.907,0.915
25,1600,"Linear","P-WCLS-Pooled",-1,-1.017,0.302,1,0.312,1,0.302,0.955
25,1600,"Linear","P-WCLS-Pooled-OBS",-1,-1.016,0.284,1.062,0.294,1.062,0.285,0.953
25,1600,"Linear","P-WCLS-Internal",-1,-1.023,1.284,0.235,1.043,0.3,1.284,0.905
25,1600,"Linear","WCLS-Pooled",-1,-0.932,0.533,0.567,0.494,0.632,0.537,0.935
25,1600,"Linear","WCLS-Internal",-1,-0.913,1.65,0.183,1.247,0.25,1.652,0.86
25,1600,"Quadratic","P-WCLS-Pooled",0.9,0.908,0.105,1,0.101,1,0.105,0.94
25,1600,"Quadratic","P-WCLS-Pooled-OBS",0.9,0.908,0.104,1.008,0.1,1.016,0.104,0.943
25,1600,"Quadratic","P-WCLS-Internal",0.9,0.874,0.354,0.296,0.272,0.372,0.355,0.892
25,1600,"Quadratic","WCLS-Pooled",0.9,0.05,0.221,0.475,0.224,0.453,0.879,0.043
25,1600,"Quadratic","WCLS-Internal",0.9,0.817,0.818,0.128,0.672,0.151,0.822,0.895
25,1600,"Cubic","P-WCLS-Pooled",0.3,0.298,0.047,1,0.046,1,0.047,0.93
25,1600,"Cubic","P-WCLS-Pooled-OBS",0.3,0.298,0.046,1.008,0.046,1.009,0.046,0.938
25,1600,"Cubic","P-WCLS-Internal",0.3,0.286,0.123,0.38,0.094,0.49,0.124,0.87
25,1600,"Cubic","WCLS-Pooled",0.3,-0.019,0.162,0.289,0.156,0.294,0.358,0.46
25,1600,"Cubic","WCLS-Internal",0.3,0.267,0.541,0.086,0.389,0.118,0.542,0.825
25,6400,"Intercept","P-WCLS-Pooled",-5,-4.975,0.277,1,0.262,1,0.278,0.945
25,6400,"Intercept","P-WCLS-Pooled-OBS",-5,-4.974,0.271,1.022,0.255,1.026,0.272,0.94
25,6400,"Intercept","P-WCLS-Internal",-5,-5.016,0.673,0.411,0.631,0.414,0.673,0.963
25,6400,"Intercept","WCLS-Pooled",-5,0.977,0.127,2.171,0.124,2.112,5.978,0
25,6400,"Intercept","WCLS-Internal",-5,-4.855,0.9,0.307,0.794,0.33,0.911,0.9
25,6400,"Linear","P-WCLS-Pooled",-1,-0.988,0.249,1,0.235,1,0.249,0.925
25,6400,"Linear","P-WCLS-Pooled-OBS",-1,-0.987,0.246,1.013,0.228,1.027,0.246,0.92
25,6400,"Linear","P-WCLS-Internal",-1,-1.048,1.233,0.202,1.029,0.228,1.234,0.897
25,6400,"Linear","WCLS-Pooled",-1,-1.007,0.279,0.892,0.252,0.933,0.279,0.912
25,6400,"Linear","WCLS-Internal",-1,-0.999,1.558,0.16,1.231,0.191,1.558,0.88
25,6400,"Quadratic","P-WCLS-Pooled",0.9,0.887,0.087,1,0.086,1,0.088,0.935
25,6400,"Quadratic","P-WCLS-Pooled-OBS",0.9,0.887,0.086,1.006,0.085,1.005,0.087,0.93
25,6400,"Quadratic","P-WCLS-Internal",0.9,0.894,0.342,0.253,0.271,0.317,0.342,0.892
25,6400,"Quadratic","WCLS-Pooled",0.9,0.005,0.115,0.753,0.113,0.761,0.903,0
25,6400,"Quadratic","WCLS-Internal",0.9,0.754,0.817,0.106,0.652,0.131,0.83,0.873
25,6400,"Cubic","P-WCLS-Pooled",0.3,0.299,0.045,1,0.041,1,0.045,0.932
25,6400,"Cubic","P-WCLS-Pooled-OBS",0.3,0.299,0.045,0.996,0.041,1.003,0.045,0.932
25,6400,"Cubic","P-WCLS-Internal",0.3,0.302,0.122,0.369,0.094,0.439,0.122,0.87
25,6400,"Cubic","WCLS-Pooled",0.3,0.002,0.087,0.519,0.079,0.522,0.311,0.048
25,6400,"Cubic","WCLS-Internal",0.3,0.294,0.52,0.087,0.377,0.11,0.52,0.838
100,25,"Intercept","P-WCLS-Pooled",-5,-4.992,0.603,1,0.392,1,0.603,0.935
100,25,"Intercept","P-WCLS-Pooled-OBS",-5,-4.998,0.515,1.17,0.38,1.032,0.515,0.948
100,25,"Intercept","P-WCLS-Internal",-5,-5.007,0.469,1.285,0.356,1.1,0.469,0.932
100,25,"Intercept","WCLS-Pooled",-5,-3.757,0.746,0.808,0.58,0.676,1.45,0.378
100,25,"Intercept","WCLS-Internal",-5,-4.964,0.721,0.836,0.486,0.806,0.722,0.897
100,25,"Linear","P-WCLS-Pooled",-1,-0.982,0.649,1,0.65,1,0.65,0.958
100,25,"Linear","P-WCLS-Pooled-OBS",-1,-0.972,0.616,1.055,0.61,1.066,0.616,0.96
100,25,"Linear","P-WCLS-Internal",-1,-0.986,0.636,1.021,0.583,1.114,0.636,0.955
100,25,"Linear","WCLS-Pooled",-1,-1.08,1.721,0.377,0.97,0.67,1.722,0.915
100,25,"Linear","WCLS-Internal",-1,-1.048,1.578,0.412,0.814,0.799,1.579,0.905
100,25,"Quadratic","P-WCLS-Pooled",0.9,0.892,0.273,1,0.163,1,0.273,0.96
100,25,"Quadratic","P-WCLS-Pooled-OBS",0.9,0.894,0.226,1.205,0.158,1.031,0.226,0.965
100,25,"Quadratic","P-WCLS-Internal",0.9,0.887,0.315,0.865,0.169,0.962,0.315,0.93
100,25,"Quadratic","WCLS-Pooled",0.9,0.678,0.658,0.414,0.487,0.334,0.694,0.892
100,25,"Quadratic","WCLS-Internal",0.9,0.849,0.614,0.444,0.415,0.392,0.616,0.9
100,25,"Cubic","P-WCLS-Pooled",0.3,0.298,0.09,1,0.057,1,0.09,0.97
100,25,"Cubic","P-WCLS-Pooled-OBS",0.3,0.298,0.076,1.191,0.055,1.03,0.076,0.968
100,25,"Cubic","P-WCLS-Internal",0.3,0.296,0.103,0.869,0.058,0.968,0.104,0.927
100,25,"Cubic","WCLS-Pooled",0.3,0.262,0.509,0.177,0.308,0.184,0.51,0.895
100,25,"Cubic","WCLS-Internal",0.3,0.314,0.473,0.19,0.252,0.224,0.474,0.89
100,100,"Intercept","P-WCLS-Pooled",-5,-5.032,0.563,1,0.439,1,0.564,0.958
100,100,"Intercept","P-WCLS-Pooled-OBS",-5,-5.024,0.534,1.056,0.41,1.071,0.534,0.965
100,100,"Intercept","P-WCLS-Internal",-5,-5.016,0.423,1.332,0.355,1.239,0.423,0.943
100,100,"Intercept","WCLS-Pooled",-5,-1.975,0.651,0.865,0.58,0.757,3.094,0.005
100,100,"Intercept","WCLS-Internal",-5,-4.961,0.689,0.818,0.491,0.895,0.69,0.892
100,100,"Linear","P-WCLS-Pooled",-1,-1.009,0.592,1,0.591,1,0.593,0.963
100,100,"Linear","P-WCLS-Pooled-OBS",-1,-0.995,0.564,1.05,0.548,1.077,0.564,0.953
100,100,"Linear","P-WCLS-Internal",-1,-0.95,0.616,0.961,0.59,1.001,0.618,0.945
100,100,"Linear","WCLS-Pooled",-1,-1.055,1.339,0.443,0.994,0.594,1.34,0.925
100,100,"Linear","WCLS-Internal",-1,-1.03,1.342,0.441,0.814,0.725,1.343,0.922
100,100,"Quadratic","P-WCLS-Pooled",0.9,0.916,0.165,1,0.131,1,0.166,0.953
100,100,"Quadratic","P-WCLS-Pooled-OBS",0.9,0.914,0.158,1.046,0.126,1.044,0.159,0.948
100,100,"Quadratic","P-WCLS-Internal",0.9,0.898,0.275,0.601,0.173,0.759,0.275,0.892
100,100,"Quadratic","WCLS-Pooled",0.9,0.452,0.578,0.286,0.487,0.27,0.732,0.782
100,100,"Quadratic","WCLS-Internal",0.9,0.853,0.608,0.272,0.422,0.311,0.61,0.868
100,100,"Cubic","P-WCLS-Pooled",0.3,0.305,0.059,1,0.047,1,0.059,0.932
100,100,"Cubic","P-WCLS-Pooled-OBS",0.3,0.304,0.057,1.044,0.045,1.041,0.057,0.932
100,100,"Cubic","P-WCLS-Internal",0.3,0.299,0.097,0.61,0.06,0.78,0.097,0.895
100,100,"Cubic","WCLS-Pooled",0.3,0.163,0.407,0.145,0.318,0.147,0.43,0.87
100,100,"Cubic","WCLS-Internal",0.3,0.32,0.404,0.146,0.254,0.184,0.405,0.89
100,400,"Intercept","P-WCLS-Pooled",-5,-5.017,0.595,1,0.459,1,0.595,0.958
100,400,"Intercept","P-WCLS-Pooled-OBS",-5,-5.017,0.582,1.021,0.433,1.059,0.583,0.943
100,400,"Intercept","P-WCLS-Internal",-5,-5.068,0.528,1.126,0.367,1.253,0.533,0.958
100,400,"Intercept","WCLS-Pooled",-5,-0.216,0.457,1.301,0.422,1.089,4.806,0.002
100,400,"Intercept","WCLS-Internal",-5,-5.008,0.643,0.925,0.488,0.941,0.643,0.93
100,400,"Linear","P-WCLS-Pooled",-1,-1.002,0.435,1,0.414,1,0.435,0.943
100,400,"Linear","P-WCLS-Pooled-OBS",-1,-1.005,0.393,1.106,0.377,1.098,0.393,0.955
100,400,"Linear","P-WCLS-Internal",-1,-1.038,0.625,0.695,0.586,0.707,0.627,0.935
100,400,"Linear","WCLS-Pooled",-1,-1.059,1.06,0.41,0.8,0.518,1.062,0.943
100,400,"Linear","WCLS-Internal",-1,-1.164,1.9,0.229,0.853,0.486,1.907,0.895
100,400,"Quadratic","P-WCLS-Pooled",0.9,0.905,0.124,1,0.102,1,0.124,0.953
100,400,"Quadratic","P-WCLS-Pooled-OBS",0.9,0.905,0.121,1.021,0.098,1.037,0.121,0.95
100,400,"Quadratic","P-WCLS-Internal",0.9,0.93,0.335,0.369,0.178,0.57,0.336,0.938
100,400,"Quadratic","WCLS-Pooled",0.9,0.203,0.418,0.296,0.369,0.276,0.813,0.46
100,400,"Quadratic","WCLS-Internal",0.9,0.876,0.529,0.234,0.423,0.24,0.529,0.902
100,400,"Cubic","P-WCLS-Pooled",0.3,0.302,0.045,1,0.037,1,0.045,0.917
100,400,"Cubic","P-WCLS-Pooled-OBS",0.3,0.302,0.044,1.021,0.036,1.03,0.044,0.935
100,400,"Cubic","P-WCLS-Internal",0.3,0.31,0.116,0.392,0.062,0.607,0.116,0.938
100,400,"Cubic","WCLS-Pooled",0.3,0.071,0.32,0.142,0.254,0.147,0.394,0.775
100,400,"Cubic","WCLS-Internal",0.3,0.341,0.53,0.086,0.266,0.14,0.531,0.882
100,1600,"Intercept","P-WCLS-Pooled",-5,-5.005,0.326,1,0.323,1,0.326,0.945
100,1600,"Intercept","P-WCLS-Pooled-OBS",-5,-5.007,0.31,1.052,0.308,1.05,0.31,0.953
100,1600,"Intercept","P-WCLS-Internal",-5,-5.028,0.366,0.891,0.347,0.932,0.367,0.955
100,1600,"Intercept","WCLS-Pooled",-5,0.65,0.234,1.394,0.237,1.364,5.655,0
100,1600,"Intercept","WCLS-Internal",-5,-4.997,0.541,0.603,0.482,0.671,0.541,0.932
100,1600,"Linear","P-WCLS-Pooled",-1,-0.991,0.254,1,0.246,1,0.254,0.94
100,1600,"Linear","P-WCLS-Pooled-OBS",-1,-0.992,0.236,1.076,0.225,1.094,0.236,0.927
100,1600,"Linear","P-WCLS-Internal",-1,-1.03,0.612,0.415,0.592,0.416,0.612,0.935
100,1600,"Linear","WCLS-Pooled",-1,-0.974,0.504,0.503,0.477,0.517,0.505,0.945
100,1600,"Linear","WCLS-Internal",-1,-0.932,1.031,0.246,0.798,0.308,1.033,0.905
100,1600,"Quadratic","P-WCLS-Pooled",0.9,0.9,0.067,1,0.068,1,0.067,0.955
100,1600,"Quadratic","P-WCLS-Pooled-OBS",0.9,0.9,0.065,1.035,0.067,1.026,0.065,0.968
100,1600,"Quadratic","P-WCLS-Internal",0.9,0.901,0.187,0.36,0.166,0.413,0.187,0.925
100,1600,"Quadratic","WCLS-Pooled",0.9,0.053,0.218,0.309,0.213,0.321,0.875,0.03
100,1600,"Quadratic","WCLS-Internal",0.9,0.868,0.48,0.14,0.419,0.163,0.481,0.925
100,1600,"Cubic","P-WCLS-Pooled",0.3,0.301,0.028,1,0.027,1,0.028,0.938
100,1600,"Cubic","P-WCLS-Pooled-OBS",0.3,0.301,0.027,1.023,0.027,1.018,0.027,0.932
100,1600,"Cubic","P-WCLS-Internal",0.3,0.301,0.065,0.429,0.057,0.477,0.065,0.935
100,1600,"Cubic","WCLS-Pooled",0.3,0.014,0.159,0.177,0.15,0.181,0.327,0.492
100,1600,"Cubic","WCLS-Internal",0.3,0.277,0.321,0.087,0.25,0.109,0.322,0.905
100,6400,"Intercept","P-WCLS-Pooled",-5,-5.026,0.195,1,0.203,1,0.197,0.97
100,6400,"Intercept","P-WCLS-Pooled-OBS",-5,-5.027,0.189,1.032,0.196,1.039,0.191,0.96
100,6400,"Intercept","P-WCLS-Internal",-5,-4.976,0.38,0.513,0.354,0.574,0.38,0.958
100,6400,"Intercept","WCLS-Pooled",-5,0.9,0.13,1.502,0.125,1.628,5.901,0
100,6400,"Intercept","WCLS-Internal",-5,-4.931,0.574,0.339,0.488,0.417,0.578,0.93
100,6400,"Linear","P-WCLS-Pooled",-1,-1.003,0.157,1,0.155,1,0.157,0.945
100,6400,"Linear","P-WCLS-Pooled-OBS",-1,-1.003,0.148,1.058,0.146,1.062,0.148,0.955
100,6400,"Linear","P-WCLS-Internal",-1,-1.013,0.652,0.24,0.586,0.265,0.653,0.917
100,6400,"Linear","WCLS-Pooled",-1,-0.993,0.263,0.595,0.256,0.606,0.263,0.955
100,6400,"Linear","WCLS-Internal",-1,-1.021,1.034,0.151,0.812,0.191,1.034,0.91
100,6400,"Quadratic","P-WCLS-Pooled",0.9,0.903,0.051,1,0.051,1,0.051,0.965
100,6400,"Quadratic","P-WCLS-Pooled-OBS",0.9,0.904,0.05,1.013,0.05,1.014,0.05,0.955
100,6400,"Quadratic","P-WCLS-Internal",0.9,0.892,0.212,0.24,0.17,0.297,0.212,0.91
100,6400,"Quadratic","WCLS-Pooled",0.9,0.019,0.115,0.441,0.113,0.448,0.889,0
100,6400,"Quadratic","WCLS-Internal",0.9,0.852,0.504,0.101,0.423,0.12,0.506,0.91
100,6400,"Cubic","P-WCLS-Pooled",0.3,0.301,0.023,1,0.023,1,0.023,0.943
100,6400,"Cubic","P-WCLS-Pooled-OBS",0.3,0.301,0.022,1.009,0.022,1.008,0.022,0.94
100,6400,"Cubic","P-WCLS-Internal",0.3,0.297,0.07,0.324,0.058,0.385,0.07,0.917
100,6400,"Cubic","WCLS-Pooled",0.3,0.003,0.081,0.279,0.08,0.28,0.308,0.065
100,6400,"Cubic","WCLS-Internal",0.3,0.3,0.333,0.068,0.254,0.089,0.333,0.87
400,25,"Intercept","P-WCLS-Pooled",-5,-4.986,0.251,1,0.189,1,0.252,0.945
400,25,"Intercept","P-WCLS-Pooled-OBS",-5,-4.989,0.237,1.063,0.185,1.025,0.237,0.938
400,25,"Intercept","P-WCLS-Internal",-5,-4.989,0.232,1.082,0.184,1.029,0.233,0.948
400,25,"Intercept","WCLS-Pooled",-5,-4.641,0.37,0.679,0.293,0.647,0.516,0.693
400,25,"Intercept","WCLS-Internal",-5,-4.987,0.341,0.737,0.27,0.7,0.341,0.92
400,25,"Linear","P-WCLS-Pooled",-1,-0.991,0.331,1,0.326,1,0.331,0.953
400,25,"Linear","P-WCLS-Pooled-OBS",-1,-1.004,0.317,1.042,0.309,1.055,0.317,0.943
400,25,"Linear","P-WCLS-Internal",-1,-0.987,0.314,1.054,0.309,1.057,0.314,0.953
400,25,"Linear","WCLS-Pooled",-1,-0.954,0.811,0.408,0.528,0.618,0.812,0.92
400,25,"Linear","WCLS-Internal",-1,-0.965,0.769,0.43,0.486,0.672,0.769,0.93
400,25,"Quadratic","P-WCLS-Pooled",0.9,0.896,0.145,1,0.095,1,0.145,0.922
400,25,"Quadratic","P-WCLS-Pooled-OBS",0.9,0.897,0.133,1.091,0.092,1.037,0.133,0.927
400,25,"Quadratic","P-WCLS-Internal",0.9,0.894,0.154,0.942,0.097,0.987,0.154,0.922
400,25,"Quadratic","WCLS-Pooled",0.9,0.847,0.315,0.461,0.255,0.375,0.319,0.917
400,25,"Quadratic","WCLS-Internal",0.9,0.892,0.289,0.502,0.238,0.401,0.289,0.935
400,25,"Cubic","P-WCLS-Pooled",0.3,0.298,0.049,1,0.033,1,0.049,0.94
400,25,"Cubic","P-WCLS-Pooled-OBS",0.3,0.299,0.045,1.09,0.032,1.035,0.045,0.935
400,25,"Cubic","P-WCLS-Internal",0.3,0.298,0.052,0.942,0.033,0.988,0.052,0.945
400,25,"Cubic","WCLS-Pooled",0.3,0.273,0.245,0.199,0.166,0.198,0.246,0.948
400,25,"Cubic","WCLS-Internal",0.3,0.293,0.232,0.21,0.152,0.216,0.232,0.943
400,100,"Intercept","P-WCLS-Pooled",-5,-4.995,0.202,1,0.198,1,0.202,0.955
400,100,"Intercept","P-WCLS-Pooled-OBS",-5,-4.996,0.198,1.019,0.191,1.036,0.198,0.955
400,100,"Intercept","P-WCLS-Internal",-5,-5,0.18,1.125,0.181,1.095,0.18,0.96
400,100,"Intercept","WCLS-Pooled",-5,-3.786,0.308,0.655,0.313,0.634,1.252,0.05
400,100,"Intercept","WCLS-Internal",-5,-4.968,0.281,0.719,0.266,0.745,0.283,0.93
400,100,"Linear","P-WCLS-Pooled",-1,-1.006,0.335,1,0.332,1,0.335,0.963
400,100,"Linear","P-WCLS-Pooled-OBS",-1,-1.012,0.323,1.037,0.312,1.064,0.323,0.945
400,100,"Linear","P-WCLS-Internal",-1,-1.023,0.312,1.072,0.303,1.095,0.313,0.945
400,100,"Linear","WCLS-Pooled",-1,-0.963,0.627,0.535,0.548,0.605,0.628,0.94
400,100,"Linear","WCLS-Internal",-1,-1.009,0.575,0.583,0.476,0.696,0.575,0.938
400,100,"Quadratic","P-WCLS-Pooled",0.9,0.896,0.087,1,0.085,1,0.087,0.95
400,100,"Quadratic","P-WCLS-Pooled-OBS",0.9,0.896,0.086,1.011,0.082,1.035,0.086,0.948
400,100,"Quadratic","P-WCLS-Internal",0.9,0.902,0.097,0.897,0.091,0.927,0.097,0.955
400,100,"Quadratic","WCLS-Pooled",0.9,0.705,0.277,0.313,0.262,0.322,0.339,0.845
400,100,"Quadratic","WCLS-Internal",0.9,0.876,0.244,0.356,0.231,0.366,0.245,0.935
400,100,"Cubic","P-WCLS-Pooled",0.3,0.3,0.031,1,0.029,1,0.031,0.945
400,100,"Cubic","P-WCLS-Pooled-OBS",0.3,0.3,0.03,1.017,0.028,1.033,0.03,0.932
400,100,"Cubic","P-WCLS-Internal",0.3,0.302,0.034,0.902,0.031,0.931,0.034,0.94
400,100,"Cubic","WCLS-Pooled",0.3,0.228,0.196,0.156,0.173,0.169,0.208,0.9
400,100,"Cubic","WCLS-Internal",0.3,0.298,0.178,0.172,0.148,0.197,0.178,0.91
400,400,"Intercept","P-WCLS-Pooled",-5,-5.014,0.251,1,0.227,1,0.251,0.938
400,400,"Intercept","P-WCLS-Pooled-OBS",-5,-5.012,0.238,1.053,0.214,1.059,0.238,0.948
400,400,"Intercept","P-WCLS-Internal",-5,-5.014,0.196,1.283,0.181,1.251,0.196,0.953
400,400,"Intercept","WCLS-Pooled",-5,-1.995,0.285,0.88,0.309,0.736,3.019,0.002
400,400,"Intercept","WCLS-Internal",-5,-5.001,0.272,0.924,0.265,0.858,0.272,0.965
400,400,"Linear","P-WCLS-Pooled",-1,-0.993,0.301,1,0.304,1,0.301,0.948
400,400,"Linear","P-WCLS-Pooled-OBS",-1,-0.993,0.286,1.053,0.281,1.078,0.286,0.95
400,400,"Linear","P-WCLS-Internal",-1,-1.004,0.309,0.974,0.306,0.991,0.309,0.958
400,400,"Linear","WCLS-Pooled",-1,-1.011,0.692,0.436,0.569,0.533,0.692,0.922
400,400,"Linear","WCLS-Internal",-1,-0.983,0.683,0.441,0.483,0.629,0.683,0.912
400,400,"Quadratic","P-WCLS-Pooled",0.9,0.901,0.075,1,0.068,1,0.075,0.953
400,400,"Quadratic","P-WCLS-Pooled-OBS",0.9,0.901,0.072,1.047,0.066,1.039,0.072,0.948
400,400,"Quadratic","P-WCLS-Internal",0.9,0.896,0.112,0.671,0.094,0.721,0.112,0.943
400,400,"Quadratic","WCLS-Pooled",0.9,0.439,0.266,0.283,0.262,0.26,0.532,0.547
400,400,"Quadratic","WCLS-Internal",0.9,0.885,0.245,0.308,0.232,0.293,0.245,0.953
400,400,"Cubic","P-WCLS-Pooled",0.3,0.3,0.026,1,0.024,1,0.026,0.945
400,400,"Cubic","P-WCLS-Pooled-OBS",0.3,0.3,0.025,1.033,0.023,1.035,0.025,0.958
400,400,"Cubic","P-WCLS-Internal",0.3,0.299,0.038,0.678,0.033,0.738,0.038,0.953
400,400,"Cubic","WCLS-Pooled",0.3,0.154,0.209,0.124,0.18,0.133,0.255,0.812
400,400,"Cubic","WCLS-Internal",0.3,0.293,0.203,0.128,0.151,0.159,0.203,0.907
400,1600,"Intercept","P-WCLS-Pooled",-5,-5.002,0.252,1,0.228,1,0.252,0.965
400,1600,"Intercept","P-WCLS-Pooled-OBS",-5,-5,0.25,1.01,0.218,1.05,0.25,0.945
400,1600,"Intercept","P-WCLS-Internal",-5,-5.005,0.205,1.234,0.184,1.239,0.205,0.958
400,1600,"Intercept","WCLS-Pooled",-5,-0.181,0.215,1.176,0.215,1.064,4.824,0
400,1600,"Intercept","WCLS-Internal",-5,-4.991,0.327,0.772,0.27,0.848,0.327,0.92
400,1600,"Linear","P-WCLS-Pooled",-1,-0.988,0.208,1,0.209,1,0.209,0.95
400,1600,"Linear","P-WCLS-Pooled-OBS",-1,-0.987,0.192,1.087,0.191,1.095,0.192,0.96
400,1600,"Linear","P-WCLS-Internal",-1,-0.994,0.315,0.662,0.304,0.686,0.315,0.948
400,1600,"Linear","WCLS-Pooled",-1,-1.011,0.429,0.485,0.419,0.499,0.429,0.945
400,1600,"Linear","WCLS-Internal",-1,-0.951,0.682,0.305,0.489,0.428,0.684,0.92
400,1600,"Quadratic","P-WCLS-Pooled",0.9,0.902,0.058,1,0.05,1,0.058,0.953
400,1600,"Quadratic","P-WCLS-Pooled-OBS",0.9,0.901,0.058,1.003,0.049,1.03,0.058,0.945
400,1600,"Quadratic","P-WCLS-Internal",0.9,0.897,0.136,0.429,0.096,0.525,0.136,0.943
400,1600,"Quadratic","WCLS-Pooled",0.9,0.163,0.195,0.299,0.189,0.267,0.762,0.038
400,1600,"Quadratic","WCLS-Internal",0.9,0.887,0.289,0.201,0.236,0.214,0.29,0.932
400,1600,"Cubic","P-WCLS-Pooled",0.3,0.299,0.021,1,0.018,1,0.021,0.932
400,1600,"Cubic","P-WCLS-Pooled-OBS",0.3,0.299,0.021,1.009,0.018,1.025,0.021,0.932
400,1600,"Cubic","P-WCLS-Internal",0.3,0.298,0.046,0.454,0.033,0.561,0.046,0.927
400,1600,"Cubic","WCLS-Pooled",0.3,0.065,0.133,0.158,0.132,0.14,0.27,0.517
400,1600,"Cubic","WCLS-Internal",0.3,0.287,0.205,0.102,0.152,0.121,0.205,0.917
400,6400,"Intercept","P-WCLS-Pooled",-5,-4.985,0.515,1,0.189,1,0.515,0.958
400,6400,"Intercept","P-WCLS-Pooled-OBS",-5,-4.988,0.453,1.135,0.179,1.052,0.454,0.955
400,6400,"Intercept","P-WCLS-Internal",-5,-4.994,0.377,1.366,0.187,1.012,0.377,0.945
400,6400,"Intercept","WCLS-Pooled",-5,0.649,0.157,3.279,0.124,1.528,5.651,0
400,6400,"Intercept","WCLS-Internal",-5,-4.974,0.46,1.118,0.27,0.698,0.461,0.948
400,6400,"Linear","P-WCLS-Pooled",-1,-0.996,0.136,1,0.126,1,0.136,0.943
400,6400,"Linear","P-WCLS-Pooled-OBS",-1,-0.996,0.125,1.088,0.115,1.094,0.125,0.945
400,6400,"Linear","P-WCLS-Internal",-1,-0.997,0.339,0.4,0.309,0.407,0.339,0.94
400,6400,"Linear","WCLS-Pooled",-1,-0.98,0.454,0.299,0.256,0.491,0.454,0.958
400,6400,"Linear","WCLS-Internal",-1,-0.979,1.378,0.098,0.496,0.254,1.378,0.907
400,6400,"Quadratic","P-WCLS-Pooled",0.9,0.897,0.085,1,0.038,1,0.086,0.955
400,6400,"Quadratic","P-WCLS-Pooled-OBS",0.9,0.898,0.076,1.12,0.037,1.031,0.076,0.953
400,6400,"Quadratic","P-WCLS-Internal",0.9,0.891,0.338,0.253,0.098,0.392,0.338,0.935
400,6400,"Quadratic","WCLS-Pooled",0.9,0.049,0.135,0.634,0.111,0.347,0.862,0
400,6400,"Quadratic","WCLS-Internal",0.9,0.876,0.405,0.211,0.235,0.163,0.405,0.927
400,6400,"Cubic","P-WCLS-Pooled",0.3,0.299,0.03,1,0.015,1,0.03,0.938
400,6400,"Cubic","P-WCLS-Pooled-OBS",0.3,0.299,0.027,1.109,0.015,1.023,0.027,0.94
400,6400,"Cubic","P-WCLS-Internal",0.3,0.297,0.113,0.263,0.034,0.446,0.113,0.938
400,6400,"Cubic","WCLS-Pooled",0.3,0.013,0.13,0.228,0.08,0.188,0.315,0.055
400,6400,"Cubic","WCLS-Internal",0.3,0.293,0.399,0.074,0.154,0.098,0.399,0.897
1600,25,"Intercept","P-WCLS-Pooled",-5,-5.013,0.109,1,0.096,1,0.11,0.958
1600,25,"Intercept","P-WCLS-Pooled-OBS",-5,-5.013,0.11,0.992,0.095,1.014,0.111,0.948
1600,25,"Intercept","P-WCLS-Internal",-5,-5.012,0.108,1.01,0.096,1.007,0.109,0.955
1600,25,"Intercept","WCLS-Pooled",-5,-4.918,0.169,0.648,0.149,0.648,0.188,0.907
1600,25,"Intercept","WCLS-Internal",-5,-5.013,0.168,0.649,0.146,0.66,0.169,0.94
1600,25,"Linear","P-WCLS-Pooled",-1,-0.999,0.154,1,0.158,1,0.154,0.97
1600,25,"Linear","P-WCLS-Pooled-OBS",-1,-1.002,0.149,1.035,0.151,1.048,0.149,0.968
1600,25,"Linear","P-WCLS-Internal",-1,-0.997,0.151,1.017,0.156,1.015,0.151,0.96
1600,25,"Linear","WCLS-Pooled",-1,-1.058,0.387,0.397,0.293,0.539,0.391,0.92
1600,25,"Linear","WCLS-Internal",-1,-1.056,0.387,0.398,0.289,0.546,0.391,0.93
1600,25,"Quadratic","P-WCLS-Pooled",0.9,0.907,0.061,1,0.052,1,0.061,0.97
1600,25,"Quadratic","P-WCLS-Pooled-OBS",0.9,0.907,0.061,0.994,0.051,1.027,0.062,0.963
1600,25,"Quadratic","P-WCLS-Internal",0.9,0.907,0.061,1.004,0.053,0.994,0.061,0.963
1600,25,"Quadratic","WCLS-Pooled",0.9,0.891,0.146,0.417,0.129,0.405,0.146,0.943
1600,25,"Quadratic","WCLS-Internal",0.9,0.907,0.145,0.422,0.127,0.411,0.145,0.938
1600,25,"Cubic","P-WCLS-Pooled",0.3,0.303,0.021,1,0.018,1,0.021,0.958
1600,25,"Cubic","P-WCLS-Pooled-OBS",0.3,0.303,0.021,0.992,0.018,1.025,0.022,0.945
1600,25,"Cubic","P-WCLS-Internal",0.3,0.303,0.021,1.001,0.018,0.994,0.021,0.945
1600,25,"Cubic","WCLS-Pooled",0.3,0.313,0.114,0.187,0.09,0.198,0.114,0.935
1600,25,"Cubic","WCLS-Internal",0.3,0.317,0.114,0.186,0.089,0.201,0.115,0.93
1600,100,"Intercept","P-WCLS-Pooled",-5,-5.005,0.125,1,0.101,1,0.126,0.935
1600,100,"Intercept","P-WCLS-Pooled-OBS",-5,-5.006,0.127,0.991,0.099,1.015,0.127,0.938
1600,100,"Intercept","P-WCLS-Internal",-5,-5.006,0.119,1.055,0.098,1.033,0.119,0.94
1600,100,"Intercept","WCLS-Pooled",-5,-4.657,0.174,0.72,0.16,0.631,0.385,0.368
1600,100,"Intercept","WCLS-Internal",-5,-5.006,0.165,0.762,0.149,0.675,0.165,0.965
1600,100,"Linear","P-WCLS-Pooled",-1,-1.019,0.165,1,0.164,1,0.167,0.96
1600,100,"Linear","P-WCLS-Pooled-OBS",-1,-1.021,0.159,1.04,0.156,1.05,0.16,0.958
1600,100,"Linear","P-WCLS-Internal",-1,-1.017,0.155,1.065,0.155,1.056,0.156,0.958
1600,100,"Linear","WCLS-Pooled",-1,-1.054,0.409,0.404,0.327,0.502,0.413,0.958
1600,100,"Linear","WCLS-Internal",-1,-1.067,0.418,0.395,0.31,0.528,0.424,0.95
1600,100,"Quadratic","P-WCLS-Pooled",0.9,0.906,0.065,1,0.053,1,0.065,0.948
1600,100,"Quadratic","P-WCLS-Pooled-OBS",0.9,0.907,0.065,0.995,0.052,1.024,0.065,0.948
1600,100,"Quadratic","P-WCLS-Internal",0.9,0.906,0.069,0.939,0.055,0.969,0.069,0.953
1600,100,"Quadratic","WCLS-Pooled",0.9,0.857,0.151,0.429,0.138,0.385,0.157,0.935
1600,100,"Quadratic","WCLS-Internal",0.9,0.906,0.14,0.46,0.131,0.406,0.14,0.965
1600,100,"Cubic","P-WCLS-Pooled",0.3,0.302,0.022,1,0.018,1,0.022,0.945
1600,100,"Cubic","P-WCLS-Pooled-OBS",0.3,0.302,0.022,0.995,0.018,1.022,0.022,0.953
1600,100,"Cubic","P-WCLS-Internal",0.3,0.302,0.023,0.947,0.019,0.97,0.024,0.958
1600,100,"Cubic","WCLS-Pooled",0.3,0.293,0.121,0.184,0.1,0.181,0.121,0.945
1600,100,"Cubic","WCLS-Internal",0.3,0.315,0.121,0.184,0.095,0.192,0.122,0.963
1600,400,"Intercept","P-WCLS-Pooled",-5,-5.004,0.125,1,0.11,1,0.125,0.955
1600,400,"Intercept","P-WCLS-Pooled-OBS",-5,-5.005,0.123,1.018,0.107,1.029,0.123,0.953
1600,400,"Intercept","P-WCLS-Internal",-5,-5.005,0.109,1.15,0.098,1.116,0.109,0.955
1600,400,"Intercept","WCLS-Pooled",-5,-3.804,0.186,0.672,0.172,0.639,1.211,0.002
1600,400,"Intercept","WCLS-Internal",-5,-5.001,0.187,0.669,0.151,0.727,0.187,0.94
1600,400,"Linear","P-WCLS-Pooled",-1,-1.001,0.175,1,0.168,1,0.175,0.912
1600,400,"Linear","P-WCLS-Pooled-OBS",-1,-1.002,0.166,1.053,0.159,1.059,0.166,0.935
1600,400,"Linear","P-WCLS-Internal",-1,-1.003,0.158,1.107,0.155,1.086,0.158,0.95
1600,400,"Linear","WCLS-Pooled",-1,-0.997,0.42,0.416,0.336,0.5,0.42,0.943
1600,400,"Linear","WCLS-Internal",-1,-1.019,0.445,0.393,0.306,0.55,0.446,0.943
1600,400,"Quadratic","P-WCLS-Pooled",0.9,0.901,0.055,1,0.048,1,0.055,0.96
1600,400,"Quadratic","P-WCLS-Pooled-OBS",0.9,0.901,0.054,1.018,0.047,1.028,0.054,0.965
1600,400,"Quadratic","P-WCLS-Internal",0.9,0.903,0.07,0.787,0.055,0.864,0.07,0.948
1600,400,"Quadratic","WCLS-Pooled",0.9,0.722,0.162,0.341,0.145,0.33,0.24,0.74
1600,400,"Quadratic","WCLS-Internal",0.9,0.899,0.16,0.347,0.131,0.365,0.16,0.945
1600,400,"Cubic","P-WCLS-Pooled",0.3,0.301,0.019,1,0.016,1,0.019,0.945
1600,400,"Cubic","P-WCLS-Pooled-OBS",0.3,0.301,0.018,1.021,0.016,1.026,0.018,0.955
1600,400,"Cubic","P-WCLS-Internal",0.3,0.302,0.023,0.802,0.019,0.869,0.024,0.943
1600,400,"Cubic","WCLS-Pooled",0.3,0.239,0.127,0.148,0.104,0.158,0.141,0.873
1600,400,"Cubic","WCLS-Internal",0.3,0.305,0.132,0.143,0.093,0.176,0.132,0.94
1600,1600,"Intercept","P-WCLS-Pooled",-5,-5.012,0.13,1,0.119,1,0.131,0.95
1600,1600,"Intercept","P-WCLS-Pooled-OBS",-5,-5.011,0.126,1.031,0.114,1.046,0.127,0.945
1600,1600,"Intercept","P-WCLS-Internal",-5,-5,0.099,1.311,0.096,1.239,0.099,0.968
1600,1600,"Intercept","WCLS-Pooled",-5,-2.007,0.165,0.787,0.162,0.738,2.998,0
1600,1600,"Intercept","WCLS-Internal",-5,-5.007,0.159,0.821,0.148,0.806,0.159,0.948
1600,1600,"Linear","P-WCLS-Pooled",-1,-1.011,0.156,1,0.152,1,0.156,0.95
1600,1600,"Linear","P-WCLS-Pooled-OBS",-1,-1.007,0.147,1.063,0.142,1.075,0.147,0.938
1600,1600,"Linear","P-WCLS-Internal",-1,-1.01,0.158,0.986,0.156,0.977,0.158,0.953
1600,1600,"Linear","WCLS-Pooled",-1,-1.032,0.352,0.444,0.319,0.477,0.353,0.927
1600,1600,"Linear","WCLS-Internal",-1,-1.062,0.388,0.402,0.3,0.508,0.393,0.95
1600,1600,"Quadratic","P-WCLS-Pooled",0.9,0.905,0.038,1,0.035,1,0.039,0.938
1600,1600,"Quadratic","P-WCLS-Pooled-OBS",0.9,0.905,0.037,1.028,0.034,1.031,0.037,0.935
1600,1600,"Quadratic","P-WCLS-Internal",0.9,0.908,0.058,0.66,0.052,0.677,0.058,0.963
1600,1600,"Quadratic","WCLS-Pooled",0.9,0.46,0.147,0.259,0.137,0.259,0.464,0.128
1600,1600,"Quadratic","WCLS-Internal",0.9,0.914,0.134,0.285,0.129,0.275,0.135,0.958
1600,1600,"Cubic","P-WCLS-Pooled",0.3,0.302,0.014,1,0.012,1,0.014,0.948
1600,1600,"Cubic","P-WCLS-Pooled-OBS",0.3,0.302,0.013,1.013,0.012,1.028,0.013,0.943
1600,1600,"Cubic","P-WCLS-Internal",0.3,0.303,0.02,0.668,0.018,0.694,0.02,0.945
1600,1600,"Cubic","WCLS-Pooled",0.3,0.155,0.107,0.127,0.099,0.125,0.18,0.63
1600,1600,"Cubic","WCLS-Internal",0.3,0.315,0.116,0.117,0.092,0.136,0.117,0.95
1600,6400,"Intercept","P-WCLS-Pooled",-5,-5.005,0.116,1,0.116,1,0.117,0.968
1600,6400,"Intercept","P-WCLS-Pooled-OBS",-5,-5.005,0.111,1.047,0.11,1.052,0.111,0.973
1600,6400,"Intercept","P-WCLS-Internal",-5,-5.007,0.113,1.033,0.098,1.186,0.113,0.94
1600,6400,"Intercept","WCLS-Pooled",-5,-0.203,0.103,1.13,0.111,1.047,4.798,0
1600,6400,"Intercept","WCLS-Internal",-5,-5.004,0.172,0.677,0.15,0.775,0.172,0.955
1600,6400,"Linear","P-WCLS-Pooled",-1,-1.006,0.105,1,0.105,1,0.105,0.953
1600,6400,"Linear","P-WCLS-Pooled-OBS",-1,-1.006,0.095,1.101,0.096,1.095,0.095,0.943
1600,6400,"Linear","P-WCLS-Internal",-1,-0.998,0.161,0.651,0.158,0.663,0.161,0.953
1600,6400,"Linear","WCLS-Pooled",-1,-1,0.237,0.442,0.225,0.467,0.237,0.932
1600,6400,"Linear","WCLS-Internal",-1,-1.044,0.453,0.231,0.302,0.347,0.455,0.94
1600,6400,"Quadratic","P-WCLS-Pooled",0.9,0.901,0.024,1,0.025,1,0.024,0.965
1600,6400,"Quadratic","P-WCLS-Pooled-OBS",0.9,0.901,0.024,1.033,0.025,1.033,0.024,0.97
1600,6400,"Quadratic","P-WCLS-Internal",0.9,0.903,0.067,0.364,0.053,0.476,0.067,0.948
1600,6400,"Quadratic","WCLS-Pooled",0.9,0.183,0.094,0.26,0.097,0.263,0.723,0
1600,6400,"Quadratic","WCLS-Internal",0.9,0.9,0.145,0.169,0.13,0.195,0.145,0.953
1600,6400,"Cubic","P-WCLS-Pooled",0.3,0.301,0.009,1,0.009,1,0.009,0.955
1600,6400,"Cubic","P-WCLS-Pooled-OBS",0.3,0.301,0.009,1.032,0.009,1.027,0.009,0.955
1600,6400,"Cubic","P-WCLS-Internal",0.3,0.301,0.023,0.395,0.018,0.508,0.023,0.955
1600,6400,"Cubic","WCLS-Pooled",0.3,0.058,0.073,0.124,0.07,0.133,0.252,0.072
1600,6400,"Cubic","WCLS-Internal",0.3,0.312,0.129,0.071,0.092,0.101,0.13,0.95
6400,25,"Intercept","P-WCLS-Pooled",-5,-5.004,0.06,1,0.052,1,0.06,0.938
6400,25,"Intercept","P-WCLS-Pooled-OBS",-5,-5.005,0.059,1.016,0.051,1.012,0.059,0.93
6400,25,"Intercept","P-WCLS-Internal",-5,-5.004,0.06,1.002,0.052,1.003,0.06,0.938
6400,25,"Intercept","WCLS-Pooled",-5,-4.986,0.105,0.571,0.085,0.61,0.106,0.945
6400,25,"Intercept","WCLS-Internal",-5,-5.009,0.105,0.571,0.085,0.612,0.105,0.94
6400,25,"Linear","P-WCLS-Pooled",-1,-1,0.078,1,0.078,1,0.078,0.955
6400,25,"Linear","P-WCLS-Pooled-OBS",-1,-0.999,0.073,1.062,0.074,1.047,0.073,0.955
6400,25,"Linear","P-WCLS-Internal",-1,-1,0.078,0.999,0.078,1.004,0.078,0.96
6400,25,"Linear","WCLS-Pooled",-1,-1.029,0.3,0.258,0.198,0.394,0.302,0.958
6400,25,"Linear","WCLS-Internal",-1,-1.028,0.301,0.258,0.197,0.395,0.302,0.96
6400,25,"Quadratic","P-WCLS-Pooled",0.9,0.902,0.042,1,0.031,1,0.042,0.938
6400,25,"Quadratic","P-WCLS-Pooled-OBS",0.9,0.903,0.041,1.02,0.03,1.019,0.041,0.943
6400,25,"Quadratic","P-WCLS-Internal",0.9,0.902,0.042,0.996,0.031,0.997,0.042,0.94
6400,25,"Quadratic","WCLS-Pooled",0.9,0.903,0.089,0.469,0.074,0.421,0.089,0.95
6400,25,"Quadratic","WCLS-Internal",0.9,0.906,0.089,0.47,0.073,0.423,0.089,0.945
6400,25,"Cubic","P-WCLS-Pooled",0.3,0.301,0.014,1,0.011,1,0.014,0.95
6400,25,"Cubic","P-WCLS-Pooled-OBS",0.3,0.301,0.014,1.019,0.01,1.018,0.014,0.95
6400,25,"Cubic","P-WCLS-Internal",0.3,0.301,0.014,0.996,0.011,0.998,0.014,0.953
6400,25,"Cubic","WCLS-Pooled",0.3,0.307,0.085,0.166,0.059,0.179,0.086,0.958
6400,25,"Cubic","WCLS-Internal",0.3,0.308,0.086,0.165,0.059,0.179,0.086,0.953
6400,100,"Intercept","P-WCLS-Pooled",-5,-5.003,0.056,1,0.051,1,0.056,0.95
6400,100,"Intercept","P-WCLS-Pooled-OBS",-5,-5.003,0.055,1.016,0.051,1.016,0.056,0.958
6400,100,"Intercept","P-WCLS-Internal",-5,-5.004,0.056,1.015,0.051,1.01,0.056,0.953
6400,100,"Intercept","WCLS-Pooled",-5,-4.917,0.098,0.572,0.083,0.616,0.129,0.8
6400,100,"Intercept","WCLS-Internal",-5,-5.009,0.099,0.568,0.082,0.627,0.1,0.955
6400,100,"Linear","P-WCLS-Pooled",-1,-1.001,0.08,1,0.08,1,0.08,0.95
6400,100,"Linear","P-WCLS-Pooled-OBS",-1,-1.002,0.077,1.038,0.076,1.047,0.077,0.948
6400,100,"Linear","P-WCLS-Internal",-1,-1.001,0.078,1.026,0.078,1.017,0.078,0.945
6400,100,"Linear","WCLS-Pooled",-1,-1.022,0.275,0.292,0.187,0.426,0.276,0.963
6400,100,"Linear","WCLS-Internal",-1,-1.024,0.276,0.291,0.185,0.431,0.277,0.95
6400,100,"Quadratic","P-WCLS-Pooled",0.9,0.902,0.039,1,0.03,1,0.039,0.935
6400,100,"Quadratic","P-WCLS-Pooled-OBS",0.9,0.902,0.038,1.022,0.029,1.027,0.038,0.938
6400,100,"Quadratic","P-WCLS-Internal",0.9,0.902,0.04,0.975,0.03,0.99,0.04,0.945
6400,100,"Quadratic","WCLS-Pooled",0.9,0.893,0.087,0.445,0.072,0.411,0.087,0.94
6400,100,"Quadratic","WCLS-Internal",0.9,0.906,0.087,0.446,0.071,0.416,0.087,0.938
6400,100,"Cubic","P-WCLS-Pooled",0.3,0.301,0.013,1,0.01,1,0.013,0.948
6400,100,"Cubic","P-WCLS-Pooled-OBS",0.3,0.301,0.013,1.022,0.01,1.026,0.013,0.945
6400,100,"Cubic","P-WCLS-Internal",0.3,0.301,0.013,0.979,0.01,0.99,0.013,0.95
6400,100,"Cubic","WCLS-Pooled",0.3,0.301,0.079,0.165,0.056,0.18,0.079,0.96
6400,100,"Cubic","WCLS-Internal",0.3,0.307,0.079,0.165,0.056,0.182,0.079,0.955
6400,400,"Intercept","P-WCLS-Pooled",-5,-5.004,0.085,1,0.055,1,0.085,0.945
6400,400,"Intercept","P-WCLS-Pooled-OBS",-5,-5.005,0.085,0.998,0.054,1.015,0.085,0.953
6400,400,"Intercept","P-WCLS-Internal",-5,-5.003,0.078,1.084,0.053,1.038,0.078,0.955
6400,400,"Intercept","WCLS-Pooled",-5,-4.659,0.132,0.642,0.088,0.625,0.366,0.045
6400,400,"Intercept","WCLS-Internal",-5,-5.011,0.133,0.638,0.084,0.657,0.133,0.935
6400,400,"Linear","P-WCLS-Pooled",-1,-1.003,0.089,1,0.083,1,0.089,0.927
6400,400,"Linear","P-WCLS-Pooled-OBS",-1,-1.001,0.085,1.05,0.079,1.05,0.085,0.935
6400,400,"Linear","P-WCLS-Internal",-1,-1.004,0.088,1.017,0.08,1.041,0.088,0.92
6400,400,"Linear","WCLS-Pooled",-1,-1.024,0.403,0.221,0.193,0.431,0.404,0.95
6400,400,"Linear","WCLS-Internal",-1,-1.029,0.424,0.21,0.188,0.443,0.425,0.943
6400,400,"Quadratic","P-WCLS-Pooled",0.9,0.903,0.057,1,0.03,1,0.057,0.938
6400,400,"Quadratic","P-WCLS-Pooled-OBS",0.9,0.903,0.058,0.989,0.029,1.021,0.058,0.932
6400,400,"Quadratic","P-WCLS-Internal",0.9,0.904,0.062,0.917,0.031,0.953,0.062,0.945
6400,400,"Quadratic","WCLS-Pooled",0.9,0.857,0.115,0.494,0.075,0.395,0.123,0.91
6400,400,"Quadratic","WCLS-Internal",0.9,0.909,0.114,0.498,0.073,0.41,0.115,0.925
6400,400,"Cubic","P-WCLS-Pooled",0.3,0.301,0.019,1,0.01,1,0.019,0.925
6400,400,"Cubic","P-WCLS-Pooled-OBS",0.3,0.301,0.019,0.987,0.01,1.02,0.019,0.922
6400,400,"Cubic","P-WCLS-Internal",0.3,0.301,0.021,0.917,0.011,0.954,0.021,0.943
6400,400,"Cubic","WCLS-Pooled",0.3,0.289,0.115,0.166,0.058,0.175,0.116,0.965
6400,400,"Cubic","WCLS-Internal",0.3,0.308,0.121,0.157,0.056,0.181,0.122,0.943
6400,1600,"Intercept","P-WCLS-Pooled",-5,-4.991,0.125,1,0.064,1,0.125,0.973
6400,1600,"Intercept","P-WCLS-Pooled-OBS",-5,-4.993,0.118,1.058,0.063,1.025,0.118,0.968
6400,1600,"Intercept","P-WCLS-Internal",-5,-4.993,0.096,1.299,0.056,1.152,0.096,0.965
6400,1600,"Intercept","WCLS-Pooled",-5,-3.793,0.142,0.877,0.095,0.672,1.216,0
6400,1600,"Intercept","WCLS-Internal",-5,-4.989,0.164,0.757,0.088,0.729,0.165,0.943
6400,1600,"Linear","P-WCLS-Pooled",-1,-1.005,0.088,1,0.085,1,0.088,0.938
6400,1600,"Linear","P-WCLS-Pooled-OBS",-1,-1.005,0.085,1.025,0.081,1.058,0.086,0.932
6400,1600,"Linear","P-WCLS-Internal",-1,-0.999,0.085,1.028,0.08,1.07,0.085,0.95
6400,1600,"Linear","WCLS-Pooled",-1,-0.988,0.463,0.189,0.209,0.409,0.463,0.963
6400,1600,"Linear","WCLS-Internal",-1,-0.993,0.543,0.161,0.205,0.417,0.543,0.943
6400,1600,"Quadratic","P-WCLS-Pooled",0.9,0.898,0.059,1,0.028,1,0.059,0.948
6400,1600,"Quadratic","P-WCLS-Pooled-OBS",0.9,0.898,0.056,1.053,0.028,1.023,0.056,0.95
6400,1600,"Quadratic","P-WCLS-Internal",0.9,0.896,0.081,0.72,0.034,0.824,0.082,0.968
6400,1600,"Quadratic","WCLS-Pooled",0.9,0.717,0.12,0.487,0.08,0.353,0.219,0.352
6400,1600,"Quadratic","WCLS-Internal",0.9,0.893,0.138,0.426,0.076,0.374,0.138,0.96
6400,1600,"Cubic","P-WCLS-Pooled",0.3,0.299,0.02,1,0.01,1,0.02,0.945
6400,1600,"Cubic","P-WCLS-Pooled-OBS",0.3,0.3,0.019,1.051,0.009,1.022,0.019,0.938
6400,1600,"Cubic","P-WCLS-Internal",0.3,0.299,0.027,0.72,0.012,0.829,0.027,0.963
6400,1600,"Cubic","WCLS-Pooled",0.3,0.235,0.13,0.151,0.063,0.154,0.145,0.815
6400,1600,"Cubic","WCLS-Internal",0.3,0.298,0.152,0.129,0.061,0.159,0.152,0.94
6400,6400,"Intercept","P-WCLS-Pooled",-5,-5.006,0.071,1,0.064,1,0.071,0.953
6400,6400,"Intercept","P-WCLS-Pooled-OBS",-5,-5.008,0.067,1.047,0.061,1.044,0.068,0.945
6400,6400,"Intercept","P-WCLS-Internal",-5,-5.006,0.057,1.231,0.051,1.254,0.058,0.938
6400,6400,"Intercept","WCLS-Pooled",-5,-2.006,0.081,0.867,0.083,0.765,2.995,0
6400,6400,"Intercept","WCLS-Internal",-5,-5.008,0.101,0.702,0.081,0.785,0.101,0.927
6400,6400,"Linear","P-WCLS-Pooled",-1,-0.998,0.075,1,0.077,1,0.075,0.96
6400,6400,"Linear","P-WCLS-Pooled-OBS",-1,-1,0.068,1.101,0.071,1.075,0.068,0.968
6400,6400,"Linear","P-WCLS-Internal",-1,-1,0.085,0.874,0.078,0.98,0.085,0.93
6400,6400,"Linear","WCLS-Pooled",-1,-1.012,0.191,0.391,0.171,0.448,0.191,0.95
6400,6400,"Linear","WCLS-Internal",-1,-1.046,0.274,0.273,0.182,0.421,0.278,0.94
6400,6400,"Quadratic","P-WCLS-Pooled",0.9,0.901,0.019,1,0.019,1,0.019,0.96
6400,6400,"Quadratic","P-WCLS-Pooled-OBS",0.9,0.902,0.018,1.035,0.018,1.031,0.019,0.968
6400,6400,"Quadratic","P-WCLS-Internal",0.9,0.904,0.038,0.497,0.029,0.638,0.039,0.953
6400,6400,"Quadratic","WCLS-Pooled",0.9,0.454,0.068,0.279,0.07,0.267,0.451,0
6400,6400,"Quadratic","WCLS-Internal",0.9,0.906,0.086,0.223,0.07,0.268,0.086,0.93
6400,6400,"Cubic","P-WCLS-Pooled",0.3,0.301,0.007,1,0.007,1,0.007,0.965
6400,6400,"Cubic","P-WCLS-Pooled-OBS",0.3,0.301,0.007,1.027,0.006,1.028,0.007,0.963
6400,6400,"Cubic","P-WCLS-Internal",0.3,0.302,0.013,0.517,0.01,0.654,0.013,0.945
6400,6400,"Cubic","WCLS-Pooled",0.3,0.154,0.057,0.117,0.053,0.125,0.157,0.205
6400,6400,"Cubic","WCLS-Internal",0.3,0.313,0.078,0.086,0.054,0.121,0.079,0.94
